{
  "timestamp": "2025-07-20T16:17:53.626680",
  "summary": {
    "total_benchmarks": 26,
    "total_objects_created": 54000,
    "execution_time_stats": {
      "mean": 0.06937800617351268,
      "median": 0.04801280493848026,
      "min": 0.00618919893167913,
      "max": 0.4077884249854833,
      "stdev": 0.08099036782468767
    },
    "memory_delta_stats": {
      "mean": 0.3356370192307692,
      "median": 0.0,
      "min": 0.0,
      "max": 1.89453125,
      "stdev": 0.5408800011379693
    },
    "time_per_object_stats": {
      "mean": 254.64666129729227,
      "median": 41.7811880664279,
      "min": 4.417816812003201,
      "max": 2038.9421249274164,
      "stdev": 628.8902526889167
    },
    "objects_per_second_stats": {
      "mean": 41039.621556520804,
      "median": 23937.922441166855,
      "min": 490.4504094423958,
      "max": 226356.14887493788,
      "stdev": 46064.19244459237
    }
  },
  "individual_results": [
    {
      "name": "Create 1000 Mixed Shapes (Direct)",
      "execution_time_seconds": 0.022655141074210405,
      "memory_before_mb": 34.05078125,
      "memory_after_mb": 35.9453125,
      "memory_peak_mb": 35.9453125,
      "memory_delta_mb": 1.89453125,
      "iterations": 1,
      "objects_created": 1000,
      "time_per_object_microseconds": 22.655141074210405,
      "objects_per_second": 44140.09150171901
    },
    {
      "name": "Create 1000 Mixed Shapes (Factory)",
      "execution_time_seconds": 0.02228293288499117,
      "memory_before_mb": 35.9453125,
      "memory_after_mb": 36.8203125,
      "memory_peak_mb": 36.8203125,
      "memory_delta_mb": 0.875,
      "iterations": 1,
      "objects_created": 1000,
      "time_per_object_microseconds": 22.28293288499117,
      "objects_per_second": 44877.395859929966
    },
    {
      "name": "Create 1000 Mixed Shapes (Random)",
      "execution_time_seconds": 0.01793258194811642,
      "memory_before_mb": 36.8203125,
      "memory_after_mb": 37.6953125,
      "memory_peak_mb": 37.6953125,
      "memory_delta_mb": 0.875,
      "iterations": 1,
      "objects_created": 1000,
      "time_per_object_microseconds": 17.93258194811642,
      "objects_per_second": 55764.41824681229
    },
    {
      "name": "Create 5000 Mixed Shapes (Direct)",
      "execution_time_seconds": 0.11857803398743272,
      "memory_before_mb": 37.6953125,
      "memory_after_mb": 38.26953125,
      "memory_peak_mb": 38.26953125,
      "memory_delta_mb": 0.57421875,
      "iterations": 1,
      "objects_created": 5000,
      "time_per_object_microseconds": 23.715606797486544,
      "objects_per_second": 42166.32568330418
    },
    {
      "name": "Create 5000 Mixed Shapes (Factory)",
      "execution_time_seconds": 0.1241535940207541,
      "memory_before_mb": 38.26953125,
      "memory_after_mb": 39.2578125,
      "memory_peak_mb": 39.2578125,
      "memory_delta_mb": 0.98828125,
      "iterations": 1,
      "objects_created": 5000,
      "time_per_object_microseconds": 24.83071880415082,
      "objects_per_second": 40272.696408322874
    },
    {
      "name": "Create 5000 Mixed Shapes (Random)",
      "execution_time_seconds": 0.09603462181985378,
      "memory_before_mb": 39.2578125,
      "memory_after_mb": 40.15234375,
      "memory_peak_mb": 45.0078125,
      "memory_delta_mb": 0.89453125,
      "iterations": 1,
      "objects_created": 5000,
      "time_per_object_microseconds": 19.206924363970757,
      "objects_per_second": 52064.55656564393
    },
    {
      "name": "Add 1000 Shapes to Group",
      "execution_time_seconds": 0.022835689829662442,
      "memory_before_mb": 40.15234375,
      "memory_after_mb": 40.15234375,
      "memory_peak_mb": 40.15234375,
      "memory_delta_mb": 0.0,
      "iterations": 1,
      "objects_created": 1000,
      "time_per_object_microseconds": 22.835689829662442,
      "objects_per_second": 43791.101011586215
    },
    {
      "name": "Add 1000 Shapes to Layer",
      "execution_time_seconds": 0.022665176074951887,
      "memory_before_mb": 40.15234375,
      "memory_after_mb": 40.15234375,
      "memory_peak_mb": 40.15234375,
      "memory_delta_mb": 0.0,
      "iterations": 1,
      "objects_created": 1000,
      "time_per_object_microseconds": 22.665176074951887,
      "objects_per_second": 44120.548487824744
    },
    {
      "name": "Create Hierarchical Drawing (1000 shapes)",
      "execution_time_seconds": 0.02169350301846862,
      "memory_before_mb": 40.15234375,
      "memory_after_mb": 40.15234375,
      "memory_peak_mb": 40.15234375,
      "memory_delta_mb": 0.0,
      "iterations": 1,
      "objects_created": 1000,
      "time_per_object_microseconds": 21.69350301846862,
      "objects_per_second": 46096.75067916218
    },
    {
      "name": "Calculate Bounding Boxes (1000 shapes)",
      "execution_time_seconds": 0.07317243213765323,
      "memory_before_mb": 40.15234375,
      "memory_after_mb": 40.15234375,
      "memory_peak_mb": 40.15234375,
      "memory_delta_mb": 0.0,
      "iterations": 1,
      "objects_created": 10000,
      "time_per_object_microseconds": 7.317243213765323,
      "objects_per_second": 136663.49071447877
    },
    {
      "name": "Group Operations (Add/Remove)",
      "execution_time_seconds": 0.019794313004240394,
      "memory_before_mb": 40.15234375,
      "memory_after_mb": 40.15234375,
      "memory_peak_mb": 40.15234375,
      "memory_delta_mb": 0.0,
      "iterations": 1,
      "objects_created": 1000,
      "time_per_object_microseconds": 19.794313004240394,
      "objects_per_second": 50519.560834759825
    },
    {
      "name": "Layer Z-Index Sorting (1000 shapes)",
      "execution_time_seconds": 0.04859598493203521,
      "memory_before_mb": 40.15234375,
      "memory_after_mb": 40.15234375,
      "memory_peak_mb": 40.15234375,
      "memory_delta_mb": 0.0,
      "iterations": 1,
      "objects_created": 11000,
      "time_per_object_microseconds": 4.417816812003201,
      "objects_per_second": 226356.14887493788
    },
    {
      "name": "Serialize 1000 circles",
      "execution_time_seconds": 0.04860384715721011,
      "memory_before_mb": 40.15234375,
      "memory_after_mb": 40.15234375,
      "memory_peak_mb": 40.15234375,
      "memory_delta_mb": 0.0,
      "iterations": 1,
      "objects_created": 1000,
      "time_per_object_microseconds": 48.60384715721011,
      "objects_per_second": 20574.50301753851
    },
    {
      "name": "Serialize 1000 rectangles",
      "execution_time_seconds": 0.04507458908483386,
      "memory_before_mb": 40.15234375,
      "memory_after_mb": 40.15234375,
      "memory_peak_mb": 40.15234375,
      "memory_delta_mb": 0.0,
      "iterations": 1,
      "objects_created": 1000,
      "time_per_object_microseconds": 45.07458908483386,
      "objects_per_second": 22185.44905906791
    },
    {
      "name": "Serialize 1000 ellipses",
      "execution_time_seconds": 0.04819193994626403,
      "memory_before_mb": 40.15234375,
      "memory_after_mb": 40.15234375,
      "memory_peak_mb": 40.15234375,
      "memory_delta_mb": 0.0,
      "iterations": 1,
      "objects_created": 1000,
      "time_per_object_microseconds": 48.19193994626403,
      "objects_per_second": 20750.35786305844
    },
    {
      "name": "Serialize 1000 lines",
      "execution_time_seconds": 0.045266260858625174,
      "memory_before_mb": 40.15234375,
      "memory_after_mb": 40.15234375,
      "memory_peak_mb": 40.15234375,
      "memory_delta_mb": 0.0,
      "iterations": 1,
      "objects_created": 1000,
      "time_per_object_microseconds": 45.266260858625174,
      "objects_per_second": 22091.50879775962
    },
    {
      "name": "Deserialize 1000 circles",
      "execution_time_seconds": 0.04783366993069649,
      "memory_before_mb": 40.15234375,
      "memory_after_mb": 40.15234375,
      "memory_peak_mb": 40.15234375,
      "memory_delta_mb": 0.0,
      "iterations": 1,
      "objects_created": 1000,
      "time_per_object_microseconds": 47.83366993069649,